name,id,faction,score
Nyelson,491709230840283137,swarm,0
Ben dover,447491138866380830,swarm,0
theSINGULARITY,786628037135302717,winter,0
Sgamer_Youtube,399671526057574401,shadowfen,0
Grimm,259900450352922644,shadowfen,0
LuZiffer,702800312695783514,shadowfen,0
asuh dud,525435729116004364,shadowfen,0
Lord Dracqi,308800657358585889,swarm,0
Primed_Koulcka, 819186908190081095,swarm,0
albi_gama, 417325009812586496,swarm,0
DoJo, 703506840641601558,swarm,0
derky,279032959737266177,shadowfen,0
